{
    "obs": {
        "states": {
            "robot_0_eef_pos": [
                0.004601670256238032,
                0.6010369892922848,
                0.19493420486131535
            ],
            "robot_0_gripper_open": [
                1.0
            ],
            "object_0_pos": [
                0.0005566071485800925,
                0.6922232741212003,
                0.01941121240214721
            ],
            "object_0_quat": [
                0.00016027576756473481,
                1.0573993677119298e-05,
                9.860020942844854e-06,
                0.9999999870513243
            ],
            "object_1_pos": [
                0.0,
                0.0,
                0.0
            ],
            "object_1_quat": [
                0.0,
                0.0,
                0.0,
                0.0
            ],
            "goal_0_pos": [
                0.08466121357783263,
                0.8829897368603343,
                0.019417101334047244
            ]
        }
    },
    "reward": 0.05273635539056495,
    "done": false,
    "info": {
        "success": 0.0,
        "near_object": 0.0,
        "grasp_success": 0.0,
        "grasp_reward": 0.026368177695282474,
        "in_place_reward": 0.16126320181108772,
        "obj_to_target": 0.2084836400375348,
        "unscaled_reward": 0.05273635539056495,
        "terminated": false,
        "truncated": false,
        "obs_meta": {
            "cam_map": {
                "corner3": 0
            },
            "object_map": {
                "object_0": "puck"
            }
        }
    }
}