{
    "obs": {
        "states": {
            "robot_0_eef_pos": [
                0.004556405540971065,
                0.4002196206352567,
                0.19544522238325845
            ],
            "robot_0_gripper_open": [
                1.0
            ],
            "object_0_pos": [
                0.0366844870884037,
                0.555219329654387,
                0.24981816256794093
            ],
            "object_0_quat": [
                0.7074281543592588,
                0.0,
                0.0,
                0.7067852618864181
            ],
            "object_1_pos": [
                0.0,
                0.0,
                0.0
            ],
            "object_1_quat": [
                0.0,
                0.0,
                0.0,
                0.0
            ],
            "goal_0_pos": [
                0.0366844870884037,
                0.7552192469922406,
                0.45
            ]
        }
    },
    "reward": 0.7716436371281189,
    "done": false,
    "info": {
        "success": 0.0,
        "near_object": 0.0,
        "grasp_success": 0.0,
        "grasp_reward": 0.15828022303551467,
        "in_place_reward": 0.07741806481699529,
        "obj_to_target": 0.17442086962904021,
        "unscaled_reward": 0.7716436371281189,
        "terminated": false,
        "truncated": false,
        "obs_meta": {
            "cam_map": {
                "corner3": 0
            },
            "object_map": {
                "object_0": "lever"
            }
        }
    }
}