{
    "obs": {
        "states": {
            "robot_0_joint_pos": [
                -0.0021537353201626043,
                0.1695570476049873,
                0.003733220964297798,
                -2.6063140260448083,
                0.008671391595518494,
                2.900823526744969,
                0.787452089425503
            ],
            "robot_0_joint_vel": [
                4.447081143793848e-11,
                -9.328350976226376e-13,
                -2.447854351782036e-12,
                -5.084797225615648e-13,
                -1.5108892763037478e-10,
                1.481803392253811e-12,
                -8.983538413495489e-11
            ],
            "robot_0_joint_acc": [
                -4.631167137017306e-09,
                1.1532560368101305e-10,
                2.3560417562146144e-09,
                9.088841656193659e-11,
                1.865775039959134e-08,
                -1.9049451382640466e-10,
                1.1798375938478248e-08
            ],
            "robot_0_eef_pos": [
                -0.09831383021659644,
                0.0005243851197832222,
                1.0224999784446946
            ],
            "robot_0_eef_quat": [
                0.9980390473669871,
                -0.0041751615522711005,
                0.06243171767919081,
                -0.0017054572506838214
            ],
            "robot_0_gripper_qpos": [
                0.020804043112419134,
                -0.020803747117241506
            ],
            "robot_0_gripper_qvel": [
                -0.0006958028509016363,
                0.0007029157029182277
            ]
        }
    },
    "reward": 0.0,
    "done": false,
    "info": {
        "is_success": {
            "task": false
        },
        "obs_meta": {
            "cam_map": {
                "cam_0": "agentview",
                "cam_1": "robot0_eye_in_hand"
            }
        }
    }
}