{
    "obs": {
        "states": {
            "robot_0_eef_pos": [
                0.004601670256238032,
                0.6010369892922848,
                0.19493420486131535
            ],
            "robot_0_gripper_open": [
                1.0
            ],
            "object_0_pos": [
                -0.15744762066114637,
                0.7103720635097209,
                0.13120971680613763
            ],
            "object_0_quat": [
                0.9999977697964733,
                -0.0009766086946543405,
                0.00047827723163678017,
                -0.0018104939732637938
            ],
            "object_1_pos": [
                0.0,
                0.0,
                0.0
            ],
            "object_1_quat": [
                0.0,
                0.0,
                0.0,
                0.0
            ],
            "goal_0_pos": [
                -0.047657756455798145,
                0.7104384939844813,
                0.13116895213791155
            ]
        }
    },
    "reward": 0.03588490032573687,
    "done": false,
    "info": {
        "success": 0.0,
        "near_object": 0.0,
        "grasp_success": 0.0,
        "grasp_reward": 0.017942450162868436,
        "in_place_reward": 0.27330130487487425,
        "obj_to_target": 0.10978989187076812,
        "unscaled_reward": 0.03588490032573687,
        "terminated": false,
        "truncated": false,
        "obs_meta": {
            "cam_map": {
                "corner3": 0
            },
            "object_map": {
                "object_0": "plug",
                "object_1": "socket"
            }
        }
    }
}