{
    "obs": {
        "states": {
            "robot_0_eef_pos": [
                0.004601670256238032,
                0.6010369892922848,
                0.19493420486131535
            ],
            "robot_0_gripper_open": [
                1.0
            ],
            "object_0_pos": [
                0.0005602397729208599,
                0.692227201150915,
                0.01986207401765907
            ],
            "object_0_quat": [
                3.205263354424231e-05,
                7.731428514049954e-05,
                9.856679926814367e-06,
                0.999999996448988
            ],
            "object_1_pos": [
                0.0,
                0.0,
                0.0
            ],
            "object_1_quat": [
                0.0,
                0.0,
                0.0,
                0.0
            ],
            "goal_0_pos": [
                0.08466121357783263,
                0.8829897368603343,
                0.29207160257357434
            ]
        }
    },
    "reward": 0.0005472865427982695,
    "done": false,
    "info": {
        "success": 0.0,
        "near_object": 0.0,
        "grasp_success": 0.0,
        "grasp_reward": 0.0005492617219299379,
        "in_place_reward": 0.13208798513799563,
        "obj_to_target": 0.34287220106310107,
        "unscaled_reward": 0.0005472865427982695,
        "terminated": false,
        "truncated": false,
        "obs_meta": {
            "cam_map": {
                "corner3": 0
            },
            "object_map": {
                "object_0": "block",
                "object_1": "target"
            }
        }
    }
}