{
    "obs": {
        "states": {
            "robot_0_eef_pos": [
                0.004601670199426394,
                0.6010370132953337,
                0.19493420788016064
            ],
            "robot_0_gripper_open": [
                1.0
            ],
            "object_0_pos": [
                0.0,
                0.6,
                0.015
            ],
            "object_0_quat": [
                0.0,
                0.0,
                0.0,
                1.0
            ],
            "object_1_pos": [
                0.0,
                0.0,
                0.0
            ],
            "object_1_quat": [
                0.0,
                0.0,
                0.0,
                0.0
            ],
            "goal_0_pos": [
                -0.2659742759428587,
                0.6146861314279206,
                0.0
            ]
        }
    },
    "reward": 0.20079190130376148,
    "done": false,
    "info": {
        "success": 0.0,
        "near_object": 0.0,
        "grasp_reward": 0.133861267535841,
        "grasp_success": 0.0,
        "in_place_reward": 0.09964984170206612,
        "obj_to_target": 0.266801420385361,
        "unscaled_reward": 0.20079190130376148,
        "terminated": false,
        "truncated": false,
        "obs_meta": {
            "cam_map": {
                "corner3": 0
            },
            "object_map": {
                "object_0": "puck",
                "object_1": "plate"
            }
        }
    }
}