{
    "obs": {
        "states": {
            "robot_0_eef_pos": [
                0.004601670256238032,
                0.6010369892922848,
                0.19493420486131535
            ],
            "robot_0_gripper_open": [
                1.0
            ],
            "object_0_pos": [
                -0.12565782494252178,
                0.7050472404227224,
                0.17116084253790603
            ],
            "object_0_quat": [
                0.0,
                0.0,
                0.0,
                0.0
            ],
            "object_1_pos": [
                0.0,
                0.0,
                0.0
            ],
            "object_1_quat": [
                0.0,
                0.0,
                0.0,
                0.0
            ],
            "goal_0_pos": [
                -0.1256578249425218,
                0.7050472404227223,
                0.07516895213791154
            ]
        }
    },
    "reward": 0.525412595770504,
    "done": false,
    "info": {
        "success": 0.0,
        "near_object": 0.0,
        "grasp_success": 1.0,
        "grasp_reward": 0.09965537244839108,
        "in_place_reward": 0.10001920961202347,
        "obj_to_target": 0.09599189039999449,
        "unscaled_reward": 0.525412595770504,
        "terminated": false,
        "truncated": false,
        "obs_meta": {
            "cam_map": {
                "corner3": 0
            },
            "object_map": {
                "object_0": "handle"
            }
        }
    }
}