{
    "obs": {
        "states": {
            "robot_0_joint_pos": [
                -0.006159762643780273,
                0.18251395066173634,
                -0.02933216916239098,
                -2.6063107365831306,
                0.0060825951948618355,
                2.933198606945098,
                0.7283169029040596
            ],
            "robot_0_joint_vel": [
                -1.3428779883259008e-10,
                -2.12332624758985e-11,
                3.6338915918975822e-12,
                -2.5811666970364777e-12,
                4.3663489384860146e-10,
                1.1258638464519703e-12,
                2.6720767373028855e-10
            ],
            "robot_0_joint_acc": [
                1.4073928264676904e-08,
                2.7596543919309832e-09,
                -6.349896467619657e-09,
                6.736495172152488e-10,
                -5.360262094599139e-08,
                4.1960684145008e-11,
                -3.52406605868887e-08
            ],
            "robot_0_eef_pos": [
                -0.09538216639678848,
                -0.01773550271234726,
                1.0202456756837952
            ],
            "robot_0_eef_quat": [
                0.9973542860429325,
                0.008524629217668167,
                0.07200859328799973,
                0.005149883608015739
            ],
            "robot_0_gripper_qpos": [
                0.02080346154471962,
                -0.020804328684958035
            ],
            "robot_0_gripper_qvel": [
                -0.000709778105077484,
                0.0006889404481353932
            ]
        }
    },
    "reward": 0.0,
    "done": false,
    "info": {
        "is_success": {
            "task": false
        },
        "obs_meta": {
            "cam_map": {
                "cam_0": "agentview",
                "cam_1": "robot0_eye_in_hand"
            }
        }
    }
}