{
    "obs": {
        "states": {
            "robot_0_eef_pos": [
                0.0051298948470494985,
                0.399808305982709,
                0.1949949491960998
            ],
            "robot_0_gripper_open": [
                1.0
            ],
            "object_0_pos": [
                -0.0527730454357855,
                0.612007037548749,
                -0.0006900529522360108
            ],
            "object_0_quat": [
                -0.00030991562899060007,
                -0.009491357521350025,
                -0.03039253860611534,
                0.9994929272795183
            ],
            "object_1_pos": [
                0.0,
                0.0,
                0.0
            ],
            "object_1_quat": [
                0.0,
                0.0,
                0.0,
                0.0
            ],
            "goal_0_pos": [
                0.04485403011288411,
                0.7389138083648221,
                0.000696690539580012
            ]
        }
    },
    "reward": 0.03768216726711344,
    "done": false,
    "info": {
        "success": 0.0,
        "near_object": 0.0,
        "grasp_success": 0.0,
        "grasp_reward": 0.04967976554148029,
        "in_place_reward": 0.13497403690058948,
        "obj_to_target": 0.16011963470062332,
        "unscaled_reward": 0.03768216726711344,
        "terminated": false,
        "truncated": false,
        "obs_meta": {
            "cam_map": {
                "corner3": 0
            },
            "object_map": {
                "object_0": "mug",
                "object_1": "coffee_machine"
            }
        }
    }
}