{
    "obs": {
        "states": {
            "robot_0_eef_pos": [
                0.004601670256238032,
                0.6010369892922848,
                0.19493420486131535
            ],
            "robot_0_gripper_open": [
                1.0
            ],
            "object_0_pos": [
                -0.089537211125752,
                0.5848475989033505,
                0.019820586936092684
            ],
            "object_0_quat": [
                5.563698095567639e-14,
                -3.55421675243529e-14,
                -6.817071268337879e-28,
                1.0
            ],
            "object_1_pos": [
                0.2,
                0.6,
                0.132
            ],
            "object_1_quat": [
                0.0,
                0.0,
                0.0,
                0.0
            ],
            "goal_0_pos": [
                0.4180514481142826,
                0.5122384428566005,
                0.02
            ]
        }
    },
    "reward": 0.0010373106157600454,
    "done": false,
    "info": {
        "success": 0.0,
        "near_object": 0.0,
        "grasp_success": 0.0,
        "grasp_reward": 0.0010479724280017535,
        "in_place_reward": 0.09252562342751791,
        "obj_to_target": 0.2603699770268643,
        "unscaled_reward": 0.0010373106157600454,
        "terminated": false,
        "truncated": false,
        "obs_meta": {
            "cam_map": {
                "corner3": 0
            },
            "object_map": {
                "object_0": "stick",
                "object_1": "puck"
            }
        }
    }
}