{
    "obs": {
        "states": {
            "robot_0_eef_pos": [
                0.004601670256238032,
                0.6010369892922848,
                0.19493420486131535
            ],
            "robot_0_gripper_open": [
                1.0
            ],
            "object_0_pos": [
                -0.08331551291159629,
                0.6552192469922407,
                0.019080312500000002
            ],
            "object_0_quat": [
                1.0,
                0.0,
                0.0,
                0.0
            ],
            "object_1_pos": [
                0.0,
                0.0,
                0.0
            ],
            "object_1_quat": [
                0.0,
                0.0,
                0.0,
                0.0
            ],
            "goal_0_pos": [
                0.5,
                0.6552192469922407,
                0.01
            ]
        }
    },
    "reward": 0.15779880254039164,
    "done": false,
    "info": {
        "success": 0.0,
        "near_object": 0.0,
        "grasp_reward": 0.02208469571441474,
        "grasp_success": 0.0,
        "in_place_reward": 0.11732950704421416,
        "obj_to_target": 0.5833861839968584,
        "unscaled_reward": 0.15779880254039164,
        "terminated": false,
        "truncated": false,
        "obs_meta": {
            "cam_map": {
                "corner3": 0
            },
            "object_map": {
                "object_0": "puck"
            }
        }
    }
}