{
    "obs": {
        "states": {
            "robot_0_eef_pos": [
                0.004387979399317679,
                0.6014974085960489,
                0.19601112181531322
            ],
            "robot_0_gripper_open": [
                1.0
            ],
            "object_0_pos": [
                -0.08331551291159629,
                0.5799784398469698,
                0.14
            ],
            "object_0_quat": [
                0.0,
                0.0,
                0.0,
                0.0
            ],
            "object_1_pos": [
                0.0,
                0.0,
                0.0
            ],
            "object_1_quat": [
                0.0,
                0.0,
                0.0,
                0.0
            ],
            "goal_0_pos": [
                -0.08331551291159629,
                0.74,
                0.09
            ]
        }
    },
    "reward": 0.0,
    "done": false,
    "info": {
        "success": 0.0,
        "near_object": 0.0,
        "grasp_success": 1.0,
        "grasp_reward": 0.0,
        "in_place_reward": 0.0999685170881425,
        "obj_to_target": 0.1676511250001319,
        "unscaled_reward": 0.0,
        "terminated": false,
        "truncated": false,
        "obs_meta": {
            "cam_map": {
                "corner3": 0
            },
            "object_map": {
                "object_0": "drawer",
                "object_1": "handle"
            }
        }
    }
}