{
    "obs": {
        "states": {
            "robot_0_eef_pos": [
                0.0051298948470494985,
                0.399808305982709,
                0.1949949491960998
            ],
            "robot_0_gripper_open": [
                1.0
            ],
            "object_0_pos": [
                0.016479820251202305,
                0.7200414567709497,
                -0.001797708237123824
            ],
            "object_0_quat": [
                -0.00030991562899060007,
                -0.009491357521350025,
                -0.03039253860611534,
                0.9994929272795183
            ],
            "object_1_pos": [
                0.0,
                0.0,
                0.0
            ],
            "object_1_quat": [
                0.0,
                0.0,
                0.0,
                0.0
            ],
            "goal_0_pos": [
                -0.08746222759527189,
                0.5778116512764863,
                -0.0006613746189127986
            ]
        }
    },
    "reward": 0.037451444065570806,
    "done": false,
    "info": {
        "success": 0.0,
        "near_object": 0.0,
        "grasp_success": 0.0,
        "grasp_reward": 0.04981492750608255,
        "in_place_reward": 0.1311142497003424,
        "obj_to_target": 0.17616627979157504,
        "unscaled_reward": 0.037451444065570806,
        "terminated": false,
        "truncated": false,
        "obs_meta": {
            "cam_map": {
                "corner3": 0
            },
            "object_map": {
                "object_0": "mug",
                "object_1": "coffee_machine"
            }
        }
    }
}