{
    "obs": {
        "states": {
            "robot_0_eef_pos": [
                0.004601670256238032,
                0.6010369892922848,
                0.19493420486131535
            ],
            "robot_0_gripper_open": [
                1.0
            ],
            "object_0_pos": [
                -0.03953686944999062,
                0.6174057778615232,
                0.01941532882493704
            ],
            "object_0_quat": [
                0.0003235243761666228,
                -0.0003120395596454181,
                9.846829814220715e-06,
                0.9999998989331605
            ],
            "object_1_pos": [
                0.0,
                0.0,
                0.0
            ],
            "object_1_quat": [
                0.0,
                0.0,
                0.0,
                0.0
            ],
            "goal_0_pos": [
                0.01805144811428258,
                0.8811192214283002,
                0.019417101334047244
            ]
        }
    },
    "reward": 0.052785138852194345,
    "done": false,
    "info": {
        "success": 0.0,
        "near_object": 0.0,
        "grasp_success": 0.0,
        "grasp_reward": 0.026392569426097173,
        "in_place_reward": 0.14336174044804528,
        "obj_to_target": 0.2699281286581172,
        "unscaled_reward": 0.052785138852194345,
        "terminated": false,
        "truncated": false,
        "obs_meta": {
            "cam_map": {
                "corner3": 0
            },
            "object_map": {
                "object_0": "puck"
            }
        }
    }
}