{
    "obs": {
        "states": {
            "robot_0_eef_pos": [
                0.004556405540971065,
                0.4002196206352567,
                0.19544522238325845
            ],
            "robot_0_gripper_open": [
                1.0
            ],
            "object_0_pos": [
                0.21000000000000002,
                0.737828870488361,
                0.2
            ],
            "object_0_quat": [
                0.0,
                0.0,
                0.0,
                0.0
            ],
            "object_1_pos": [
                0.0,
                0.0,
                0.0
            ],
            "object_1_quat": [
                0.0,
                0.0,
                0.0,
                0.0
            ],
            "goal_0_pos": [
                0.0,
                0.832828870488361,
                0.2
            ]
        }
    },
    "reward": 0.5260021079370065,
    "done": false,
    "info": {
        "success": 0.0,
        "near_object": 0.0,
        "grasp_success": 1.0,
        "grasp_reward": 0.09988682167359615,
        "in_place_reward": 0.1,
        "obj_to_target": 0.21000000000000002,
        "unscaled_reward": 0.5260021079370065,
        "terminated": false,
        "truncated": false,
        "obs_meta": {
            "cam_map": {
                "corner3": 0
            },
            "object_map": {
                "object_0": "window",
                "object_1": "handle"
            }
        }
    }
}