{
    "obs": {
        "states": {
            "robot_0_eef_pos": [
                0.004601670199426394,
                0.6010370132953337,
                0.19493420788016064
            ],
            "robot_0_gripper_open": [
                1.0
            ],
            "object_0_pos": [
                0.1299999885655496,
                0.6000000001354046,
                0.019025787670700144
            ],
            "object_0_quat": [
                0.7071067626850736,
                0.00013643776244667496,
                0.00016013821741291104,
                0.707106768391821
            ],
            "object_1_pos": [
                0.0,
                0.0,
                0.0
            ],
            "object_1_quat": [
                0.0,
                0.0,
                0.0,
                0.0
            ],
            "goal_0_pos": [
                0.03610289622856516,
                0.8122384428566005,
                0.1
            ]
        }
    },
    "reward": 0.4431456112871594,
    "done": false,
    "info": {
        "success": 0.0,
        "near_object": 0.9993526145269538,
        "grasp_success": false,
        "grasp_reward": 0.025910538817597042,
        "in_place_reward": 0.06526860092155332,
        "obj_to_target": 0,
        "unscaled_reward": 0.4431456112871594,
        "terminated": false,
        "truncated": false,
        "obs_meta": {
            "cam_map": {
                "corner3": 0
            },
            "object_map": {
                "object_0": "peg",
                "object_1": "wrench"
            }
        }
    }
}