{
    "obs": {
        "states": {
            "robot_0_eef_pos": [
                0.004556405540971065,
                0.4002196206352567,
                0.19544522238325845
            ],
            "robot_0_gripper_open": [
                1.0
            ],
            "object_0_pos": [
                -0.08331551291159629,
                0.8552188794747863,
                0.3084615157735961
            ],
            "object_0_quat": [
                0.7073882691671998,
                -0.706825181105366,
                0.0,
                0.0
            ],
            "object_1_pos": [
                0.0,
                0.0,
                0.0
            ],
            "object_1_quat": [
                0.0,
                0.0,
                0.0,
                0.0
            ],
            "goal_0_pos": [
                -0.08331551291159629,
                0.8551396143211674,
                0.21499996829318346
            ]
        }
    },
    "reward": 0.0,
    "done": false,
    "info": {
        "success": 0.0,
        "near_object": 0.0,
        "grasp_success": 1.0,
        "grasp_reward": 0.10370823459412411,
        "in_place_reward": 0.11042195413122109,
        "obj_to_target": 0.09346154748041263,
        "unscaled_reward": 0.0,
        "terminated": false,
        "truncated": false,
        "obs_meta": {
            "cam_map": {
                "corner3": 0
            },
            "object_map": {
                "object_0": "button",
                "object_1": "button_box"
            }
        }
    }
}