{
    "obs": {
        "states": {
            "robot_0_eef_pos": [
                0.004601670256238032,
                0.6010369892922848,
                0.19493420486131535
            ],
            "robot_0_gripper_open": [
                1.0
            ],
            "object_0_pos": [
                -0.1716578103573862,
                0.705083871451416,
                0.049992229511195974
            ],
            "object_0_quat": [
                0.0,
                0.0,
                0.0,
                0.0
            ],
            "object_1_pos": [
                0.0,
                0.0,
                0.0
            ],
            "object_1_quat": [
                0.0,
                0.0,
                0.0,
                0.0
            ],
            "goal_0_pos": [
                -0.1256578249425218,
                0.7050472404227223,
                0.172
            ]
        }
    },
    "reward": 0.02415293783970493,
    "done": false,
    "info": {
        "success": 0.0,
        "near_object": 0.0,
        "grasp_success": 0.0,
        "grasp_reward": 0.02632869921578986,
        "in_place_reward": 0.2261694633343706,
        "obj_to_target": 0.13039131895816022,
        "unscaled_reward": 0.02415293783970493,
        "terminated": false,
        "truncated": false,
        "obs_meta": {
            "cam_map": {
                "corner3": 0
            },
            "object_map": {
                "object_0": "handle"
            }
        }
    }
}