{
    "obs": {
        "states": {
            "robot_0_eef_pos": [
                0.004601670199426394,
                0.6010370132953337,
                0.19493420788016064
            ],
            "robot_0_gripper_open": [
                1.0
            ],
            "object_0_pos": [
                -0.09331336808926027,
                0.6696096234961203,
                0.12099976171227957
            ],
            "object_0_quat": [
                1.0,
                0.0,
                0.0,
                0.0
            ],
            "object_1_pos": [
                0.0,
                0.0,
                0.0
            ],
            "object_1_quat": [
                0.0,
                0.0,
                0.0,
                0.0
            ],
            "goal_0_pos": [
                0.016684487088403727,
                0.6696096234961203,
                0.211
            ]
        }
    },
    "reward": 0.9351282513524709,
    "done": false,
    "info": {
        "success": 0.0,
        "near_object": 0.0,
        "grasp_success": 1.0,
        "grasp_reward": 0.10133400823910792,
        "in_place_reward": 0.09155752935928188,
        "obj_to_target": 0.109997855177664,
        "unscaled_reward": 0.9351282513524709,
        "terminated": false,
        "truncated": false,
        "obs_meta": {
            "cam_map": {
                "corner3": 0
            },
            "object_map": {
                "object_0": "door",
                "object_1": "lock"
            }
        }
    }
}