{
    "obs": {
        "states": {
            "robot_0_eef_pos": [
                0.004601670256238032,
                0.6010369892922848,
                0.19493420486131535
            ],
            "robot_0_gripper_open": [
                1.0
            ],
            "object_0_pos": [
                -0.19059688437409972,
                0.6848397432408492,
                0.02998205555184239
            ],
            "object_0_quat": [
                0.9999998467553607,
                1.1311363884286004e-05,
                0.0005515970701222468,
                -4.584735754185135e-05
            ],
            "object_1_pos": [
                0.0,
                0.0,
                0.0
            ],
            "object_1_quat": [
                0.0,
                0.0,
                0.0,
                0.0
            ],
            "goal_0_pos": [
                0.12,
                0.7,
                0.0
            ]
        }
    },
    "reward": 0.022599012790169213,
    "done": false,
    "info": {
        "success": 0.0,
        "near_object": 0.0,
        "grasp_success": 0.0,
        "grasp_reward": 0.026385205006347317,
        "in_place_reward": 0.1360601077213197,
        "obj_to_target": 0.3124086772530734,
        "unscaled_reward": 0.022599012790169213,
        "terminated": false,
        "truncated": false,
        "obs_meta": {
            "cam_map": {
                "corner3": 0
            },
            "object_map": {
                "object_0": "cube",
                "object_1": "bin"
            }
        }
    }
}