{
    "obs": {
        "states": {
            "robot_0_eef_pos": [
                0.004556405540971065,
                0.4002196206352567,
                0.19544522238325845
            ],
            "robot_0_gripper_open": [
                1.0
            ],
            "object_0_pos": [
                -0.041657756455798146,
                0.6841617603341164,
                0.11501689521379115
            ],
            "object_0_quat": [
                1.0,
                0.0,
                0.0,
                0.0
            ],
            "object_1_pos": [
                0.0,
                0.0,
                0.0
            ],
            "object_1_quat": [
                0.0,
                0.0,
                0.0,
                0.0
            ],
            "goal_0_pos": [
                -0.041657756455798146,
                0.7776096234961204,
                0.11501689521379115
            ]
        }
    },
    "reward": 0.0,
    "done": false,
    "info": {
        "success": 0.0,
        "near_object": 0.0,
        "grasp_success": 1.0,
        "grasp_reward": 0.10646567448149159,
        "in_place_reward": 0.11045241297050888,
        "obj_to_target": 0.09344786316200404,
        "unscaled_reward": 0.0,
        "terminated": false,
        "truncated": false,
        "obs_meta": {
            "cam_map": {
                "corner3": 0
            },
            "object_map": {
                "object_0": "button",
                "object_1": "button_box"
            }
        }
    }
}