{
    "obs": {
        "states": {
            "robot_0_eef_pos": [
                0.0023770441499264055,
                0.604905764224226,
                0.19524416939087147
            ],
            "robot_0_gripper_open": [
                1.0
            ],
            "object_0_pos": [
                -0.08331551291159629,
                0.6392192469922406,
                0.1711571850032117
            ],
            "object_0_quat": [
                0.0,
                0.0,
                0.0,
                0.0
            ],
            "object_1_pos": [
                0.0,
                0.0,
                0.0
            ],
            "object_1_quat": [
                0.0,
                0.0,
                0.0,
                0.0
            ],
            "goal_0_pos": [
                -0.08331551291159629,
                0.6392192469922408,
                0.07516895213791154
            ]
        }
    },
    "reward": 0.517251189210696,
    "done": false,
    "info": {
        "success": 0.0,
        "near_object": 0.0,
        "grasp_success": 1.0,
        "grasp_reward": 0.09675153429023413,
        "in_place_reward": 0.10002787514009158,
        "obj_to_target": 0.09598823286530016,
        "unscaled_reward": 0.517251189210696,
        "terminated": false,
        "truncated": false,
        "obs_meta": {
            "cam_map": {
                "corner3": 0
            },
            "object_map": {
                "object_0": "handle"
            }
        }
    }
}