{
    "obs": {
        "states": {
            "robot_0_eef_pos": [
                0.004601670199426394,
                0.6010370132953337,
                0.19493420788016064
            ],
            "robot_0_gripper_open": [
                1.0
            ],
            "object_0_pos": [
                -0.07907442225150518,
                0.6348475989033496,
                0.029968675152036658
            ],
            "object_0_quat": [
                1.0,
                0.0,
                0.0,
                0.0
            ],
            "object_1_pos": [
                0.0,
                0.0,
                0.0
            ],
            "object_1_quat": [
                0.0,
                0.0,
                0.0,
                0.0
            ],
            "goal_0_pos": [
                0.03610289622856516,
                0.7981192836667431,
                0.25
            ]
        }
    },
    "reward": 0.02185355011989128,
    "done": false,
    "info": {
        "success": 0.0,
        "near_object": 0.0,
        "grasp_success": 0.0,
        "grasp_reward": 0.025585405237115878,
        "in_place_reward": 0.13030380394824165,
        "obj_to_target": 0.5758394944203824,
        "unscaled_reward": 0.02185355011989128,
        "terminated": false,
        "truncated": false,
        "obs_meta": {
            "cam_map": {
                "corner3": 0
            },
            "object_map": {
                "object_0": "basketball",
                "object_1": "hoop"
            }
        }
    }
}