{
    "obs": {
        "states": {
            "robot_0_joint_pos": [
                0.048701549002841744,
                0.2009088481346568,
                0.013078250678112333,
                -2.624076925608912,
                -0.051082963565319904,
                2.9084247562205716,
                0.7477222490810307
            ],
            "robot_0_joint_vel": [
                -1.84765871991146e-10,
                -2.803027912962693e-11,
                2.7252133578833027e-11,
                -3.806355857175104e-12,
                6.222524504479292e-10,
                4.498668264517909e-11,
                3.7705525367387965e-10
            ],
            "robot_0_joint_acc": [
                1.932075263641499e-08,
                3.3270406559579556e-09,
                -1.2050537733138476e-08,
                1.35002272876206e-09,
                -7.697022840900206e-08,
                -5.8079152253977106e-09,
                -4.93302616218205e-08
            ],
            "robot_0_eef_pos": [
                -0.05453715775788245,
                -0.06995588247416808,
                1.0034917063623523
            ],
            "robot_0_eef_quat": [
                0.9963495171216975,
                0.07425774121668866,
                0.04179704569596962,
                0.005141456198672836
            ],
            "robot_0_gripper_qpos": [
                0.02080327482206937,
                -0.02080451540762844
            ],
            "robot_0_gripper_qvel": [
                -0.0007142650751714237,
                0.0006844534773222563
            ]
        }
    },
    "reward": 0.0,
    "done": false,
    "info": {
        "is_success": {
            "task": false
        },
        "obs_meta": {
            "cam_map": {
                "cam_0": "agentview",
                "cam_1": "robot0_eye_in_hand"
            }
        }
    }
}