{
    "obs": {
        "states": {
            "robot_0_eef_pos": [
                0.004601670256238032,
                0.6010369892922848,
                0.19493420486131535
            ],
            "robot_0_gripper_open": [
                1.0
            ],
            "object_0_pos": [
                0.0005441522290648149,
                0.6922347981796633,
                0.0290803125
            ],
            "object_0_quat": [
                0.0,
                0.0,
                0.0,
                1.0
            ],
            "object_1_pos": [
                0.0,
                0.0,
                0.0
            ],
            "object_1_quat": [
                0.0,
                0.0,
                0.0,
                0.0
            ],
            "goal_0_pos": [
                0.08466121357783263,
                0.8829897368603343,
                0.0
            ]
        }
    },
    "reward": 0.0017675327176924671,
    "done": false,
    "info": {
        "success": 0.0,
        "near_object": 0.0,
        "grasp_success": 0.0,
        "grasp_reward": 0.0005858579961278257,
        "in_place_reward": 1.5321122013830669e-06,
        "obj_to_target": 0.21049653492662676,
        "unscaled_reward": 0.0017675327176924671,
        "terminated": false,
        "truncated": false,
        "obs_meta": {
            "cam_map": {
                "corner3": 0
            },
            "object_map": {
                "object_0": "soccer_ball",
                "object_1": "goal"
            }
        }
    }
}