{
    "obs": {
        "states": {
            "robot_0_eef_pos": [
                0.004601670256238032,
                0.6010369892922848,
                0.19493420486131535
            ],
            "robot_0_gripper_open": [
                1.0
            ],
            "object_0_pos": [
                -0.03954223878014254,
                0.6174137481227087,
                0.014748343294230762
            ],
            "object_0_quat": [
                0.0005313499472547232,
                0.00014684452243584513,
                -3.417491904833389e-05,
                0.9999998474679856
            ],
            "object_1_pos": [
                0.0,
                0.0,
                0.0
            ],
            "object_1_quat": [
                0.0,
                0.0,
                0.0,
                0.0
            ],
            "goal_0_pos": [
                0.01805144811428258,
                0.8811192214283002,
                0.22763210068058642
            ]
        }
    },
    "reward": 1.3298411665547014,
    "done": false,
    "info": {
        "success": 0.0,
        "near_object": 0.0,
        "grasp_success": 0.0,
        "grasp_reward": 0.0,
        "in_place_reward": 0.13298411665547014,
        "obj_to_target": 0.2909105511235498,
        "unscaled_reward": 1.3298411665547014,
        "terminated": false,
        "truncated": false,
        "obs_meta": {
            "cam_map": {
                "corner3": 0
            },
            "object_map": {}
        }
    }
}