{
    "obs": {
        "states": {
            "robot_0_eef_pos": [
                0.004601670199426394,
                0.6010370132953337,
                0.19493420788016064
            ],
            "robot_0_gripper_open": [
                1.0
            ],
            "object_0_pos": [
                -0.0679064712224798,
                0.844315233304328,
                0.019968024365056687
            ],
            "object_0_quat": [
                1.214306432282783e-26,
                0.0,
                0.0,
                1.0
            ],
            "object_1_pos": [
                0.0,
                0.0,
                0.0
            ],
            "object_1_quat": [
                0.0,
                0.0,
                0.0,
                0.0
            ],
            "goal_0_pos": [
                0.08157511887086522,
                0.6160230466320143,
                0.019968024365056614
            ]
        }
    },
    "reward": 0.012702029541223316,
    "done": false,
    "info": {
        "success": 0.0,
        "near_object": 0.0,
        "grasp_success": 0.0,
        "grasp_reward": 0.013750695609498431,
        "in_place_reward": 0.14277591043007587,
        "obj_to_target": 0.2728773868836722,
        "unscaled_reward": 0.012702029541223316,
        "terminated": false,
        "truncated": false,
        "obs_meta": {
            "cam_map": {
                "corner3": 0
            },
            "object_map": {
                "object_0": "puck"
            }
        }
    }
}