{
    "obs": {
        "states": {
            "robot_0_eef_pos": [
                0.0051298948470494985,
                0.399808305982709,
                0.1949949491960998
            ],
            "robot_0_gripper_open": [
                1.0
            ],
            "object_0_pos": [
                -0.08331551291159629,
                0.6352192469922407,
                0.3001689521379115
            ],
            "object_0_quat": [
                1.0,
                0.0,
                0.0,
                0.0
            ],
            "object_1_pos": [
                0.0,
                0.0,
                0.0
            ],
            "object_1_quat": [
                0.0,
                0.0,
                0.0,
                0.0
            ],
            "goal_0_pos": [
                -0.08331551291159629,
                0.6652192469922408,
                0.3001689521379115
            ]
        }
    },
    "reward": 0.27616823742407903,
    "done": false,
    "info": {
        "success": 0.0,
        "near_object": 0.0,
        "grasp_success": 1.0,
        "grasp_reward": 0.1380841187120395,
        "in_place_reward": 0.13793103448275837,
        "obj_to_target": 0.030000000000000027,
        "unscaled_reward": 0.27616823742407903,
        "terminated": false,
        "truncated": false,
        "obs_meta": {
            "cam_map": {
                "corner3": 0
            },
            "object_map": {
                "object_0": "mug",
                "object_1": "coffee_machine"
            }
        }
    }
}