{
    "obs": {
        "states": {
            "robot_0_joint_pos": [
                -0.022234260832315812,
                0.1992764601073898,
                -0.021238643134343333,
                -2.626677365519207,
                -0.01219097468620637,
                2.9552265744688175,
                0.7487140418800692
            ],
            "robot_0_joint_vel": [
                -1.4778518125641238e-10,
                -1.884528907296918e-11,
                1.3679805497270402e-11,
                -4.284083463107791e-12,
                4.757973897384791e-10,
                1.0067087235936864e-11,
                3.004981279905155e-10
            ],
            "robot_0_joint_acc": [
                1.552167596392207e-08,
                2.41342730493645e-09,
                -8.229178151390559e-09,
                9.247932442131332e-10,
                -5.833250317844535e-08,
                -1.1810200010364889e-09,
                -3.957008922525898e-08
            ],
            "robot_0_eef_pos": [
                0.01996296526347088,
                -0.3558821413940405,
                1.0085556212584603
            ],
            "robot_0_eef_quat": [
                0.7034238012823906,
                0.7078197661800261,
                0.04992324926785674,
                -0.04115584498978613
            ],
            "robot_0_gripper_qpos": [
                0.020803413546305258,
                -0.020804376683376896
            ],
            "robot_0_gripper_qvel": [
                -0.0007109315073904806,
                0.0006877870456618604
            ],
            "robot_1_joint_pos": [
                -0.03271512876841372,
                0.2356928795114013,
                0.018621772731251693,
                -2.6054263806061666,
                0.04874083825646279,
                2.993592276591746,
                0.8131595439948396
            ],
            "robot_1_joint_vel": [
                2.880173178379922e-10,
                -4.00941541490313e-11,
                -3.3543543210357343e-12,
                -1.54412305977085e-11,
                -8.448101998287796e-10,
                5.338572250015443e-11,
                -5.474584898692282e-10
            ],
            "robot_1_joint_acc": [
                -3.063404423565313e-08,
                4.996143158216986e-09,
                1.1718999099986999e-08,
                2.954380627873544e-09,
                1.0266680008517035e-07,
                -6.765423547572592e-09,
                7.25760760949391e-08
            ],
            "robot_1_eef_pos": [
                -0.008507704396874346,
                0.34577514241712387,
                1.002835662749414
            ],
            "robot_1_eef_quat": [
                0.6726541738503233,
                -0.7359934831535857,
                0.059486128269741284,
                0.0480765608240222
            ],
            "robot_1_gripper_qpos": [
                0.020804757902410615,
                -0.02080303232732404
            ],
            "robot_1_gripper_qvel": [
                -0.0006786261836478077,
                0.0007200923675314923
            ]
        }
    },
    "reward": 0.0,
    "done": false,
    "info": {
        "is_success": {
            "task": false
        },
        "obs_meta": {
            "cam_map": {
                "cam_0": "robot0_eye_in_hand",
                "cam_1": "robot1_eye_in_hand",
                "cam_2": "shouldercamera0",
                "cam_3": "shouldercamera1"
            }
        }
    }
}