{
    "obs": {
        "states": {
            "robot_0_eef_pos": [
                0.004556405540971065,
                0.4002196206352567,
                0.19544522238325845
            ],
            "robot_0_gripper_open": [
                1.0
            ],
            "object_0_pos": [
                0.16203261721663276,
                0.7420210757770829,
                0.0240342392115701
            ],
            "object_0_quat": [
                0.7071067626850736,
                0.00013643776244667518,
                0.00016013821741291126,
                0.707106768391821
            ],
            "object_1_pos": [
                0.0,
                0.0,
                0.0
            ],
            "object_1_quat": [
                0.0,
                0.0,
                0.0,
                0.0
            ],
            "goal_0_pos": [
                0.03203262865108316,
                0.7420210756416783,
                0.17500845154086994
            ]
        }
    },
    "reward": 1.038285732097083,
    "done": false,
    "info": {
        "success": 0.0,
        "near_object": 0.9993526145269538,
        "grasp_success": false,
        "grasp_reward": 0.01175295378509743,
        "in_place_reward": 0.16924207184373652,
        "obj_to_target": 0,
        "unscaled_reward": 1.038285732097083,
        "terminated": false,
        "truncated": false,
        "obs_meta": {
            "cam_map": {
                "corner3": 0
            },
            "object_map": {
                "object_0": "peg",
                "object_1": "wrench"
            }
        }
    }
}