{
    "obs": {
        "states": {
            "robot_0_eef_pos": [
                0.0023471397684521264,
                0.6048508692208557,
                0.1952368841967298
            ],
            "robot_0_gripper_open": [
                1.0
            ],
            "object_0_pos": [
                -0.03331551291159629,
                0.6392192469922406,
                0.06416118164910752
            ],
            "object_0_quat": [
                0.0,
                0.0,
                0.0,
                0.0
            ],
            "object_1_pos": [
                0.0,
                0.0,
                0.0
            ],
            "object_1_quat": [
                0.0,
                0.0,
                0.0,
                0.0
            ],
            "goal_0_pos": [
                -0.08331551291159629,
                0.6392192469922408,
                0.17216895213791153
            ]
        }
    },
    "reward": 0.12367692650264366,
    "done": false,
    "info": {
        "success": 0.0,
        "near_object": 0.0,
        "grasp_success": 1.0,
        "grasp_reward": 0.14160460353160384,
        "in_place_reward": 0.49415287287816495,
        "obj_to_target": 0.10800777048880401,
        "unscaled_reward": 0.12367692650264366,
        "terminated": false,
        "truncated": false,
        "obs_meta": {
            "cam_map": {
                "corner3": 0
            },
            "object_map": {
                "object_0": "handle"
            }
        }
    }
}