{
    "obs": {
        "states": {
            "robot_0_eef_pos": [
                0.004601670256238032,
                0.6010369892922848,
                0.19493420486131535
            ],
            "robot_0_gripper_open": [
                1.0
            ],
            "object_0_pos": [
                0.0509255797028181,
                0.5696951978066994,
                0.02908057481217019
            ],
            "object_0_quat": [
                -1.5204736273847147e-26,
                9.77161941562605e-08,
                2.1853260773469445e-34,
                0.9999999999999952
            ],
            "object_1_pos": [
                0.0,
                0.0,
                0.0
            ],
            "object_1_quat": [
                0.0,
                0.0,
                0.0,
                0.0
            ],
            "goal_0_pos": [
                -0.2519485518857174,
                0.5867153285698015,
                0.1304210568054447
            ]
        }
    },
    "reward": 0.023335960297739197,
    "done": false,
    "info": {
        "success": 0.0,
        "near_object": 0.0,
        "grasp_success": 0.0,
        "grasp_reward": 0.026656624924977952,
        "in_place_reward": 0.15777370336542618,
        "obj_to_target": 0.28395597051941496,
        "unscaled_reward": 0.023335960297739197,
        "terminated": false,
        "truncated": false,
        "obs_meta": {
            "cam_map": {
                "corner3": 0
            },
            "object_map": {
                "object_0": "peg",
                "object_1": "socket"
            }
        }
    }
}