{
    "obs": {
        "states": {
            "robot_0_eef_pos": [
                0.004556405540241148,
                0.40021961469373657,
                0.1954452194578866
            ],
            "robot_0_gripper_open": [
                1.0
            ],
            "object_0_pos": [
                -0.08331324589591135,
                0.45521572000946775,
                0.007325260673683849
            ],
            "object_0_quat": [
                0.9995596921248735,
                0.0002782538237266111,
                -0.0296705962641416,
                1.309074131245125e-05
            ],
            "object_1_pos": [
                0.24,
                0.64,
                0.11
            ],
            "object_1_quat": [
                1.0,
                0.0,
                0.0,
                0.0
            ],
            "goal_0_pos": [
                0.24,
                0.74,
                0.11
            ]
        }
    },
    "reward": 0.318436055614173,
    "done": false,
    "info": {
        "success": 0.0,
        "near_object": 0.9258120734952227,
        "grasp_success": false,
        "grasp_reward": 0.023346379232366,
        "in_place_reward": 0.04954341238385027,
        "obj_to_target": 0,
        "unscaled_reward": 0.318436055614173,
        "terminated": false,
        "truncated": false,
        "obs_meta": {
            "cam_map": {
                "corner3": 0
            },
            "object_map": {
                "object_0": "hammer",
                "object_1": "nail"
            }
        }
    }
}