{
    "obs": {
        "states": {
            "robot_0_eef_pos": [
                0.004601670199426394,
                0.6010370132953337,
                0.19493420788016064
            ],
            "robot_0_gripper_open": [
                1.0
            ],
            "object_0_pos": [
                0.08634723556808155,
                0.6036033817428569,
                0.05291677152129675
            ],
            "object_0_quat": [
                1.0,
                -3.6743521182346897e-37,
                -4.881067048635346e-10,
                -1.718385331941483e-35
            ],
            "object_1_pos": [
                0.0,
                0.0,
                0.0
            ],
            "object_1_quat": [
                0.0,
                0.0,
                0.0,
                0.0
            ],
            "goal_0_pos": [
                -0.00886922583190514,
                0.8761714157836337,
                -0.020039994216104813
            ]
        }
    },
    "reward": 0.03843872207768695,
    "done": false,
    "info": {
        "success": 0.0,
        "near_object": 0.0,
        "grasp_success": 0.0,
        "grasp_reward": 0.050703696411885144,
        "in_place_reward": 0.13711768891808837,
        "obj_to_target": 0.29779556304493743,
        "unscaled_reward": 0.03843872207768695,
        "terminated": false,
        "truncated": false,
        "obs_meta": {
            "cam_map": {
                "corner3": 0
            },
            "object_map": {
                "object_0": "peg",
                "object_1": "hole"
            }
        }
    }
}