{
    "obs": {
        "states": {
            "robot_0_eef_pos": [
                0.0044831218002558005,
                0.6007454872354674,
                0.19475280318856725
            ],
            "robot_0_gripper_open": [
                1.0
            ],
            "object_0_pos": [
                -0.021452135673010582,
                0.5274128438656068,
                0.09408012521878775
            ],
            "object_0_quat": [
                0.7071064049574664,
                -0.0007893047353620589,
                -0.0007890242182292229,
                0.7071062766705896
            ],
            "object_1_pos": [
                0.0,
                0.0,
                0.0
            ],
            "object_1_quat": [
                0.0,
                0.0,
                0.0,
                0.0
            ],
            "goal_0_pos": [
                0.04792650023598985,
                0.7956870569105647,
                0.133
            ]
        }
    },
    "reward": 2.6953723798967637,
    "done": false,
    "info": {
        "success": 0.0,
        "near_object": 0.23762793732551768,
        "grasp_success": true,
        "grasp_reward": 0.5,
        "in_place_reward": 0.29082870262548594,
        "obj_to_target": 0,
        "unscaled_reward": 2.6953723798967637,
        "terminated": false,
        "truncated": false,
        "obs_meta": {
            "cam_map": {
                "corner3": 0
            },
            "object_map": {
                "object_0": "box",
                "object_1": "lid"
            }
        }
    }
}