{
    "obs": {
        "states": {
            "robot_0_eef_pos": [
                0.004601670256238032,
                0.6010369892922848,
                0.19493420486131535
            ],
            "robot_0_gripper_open": [
                1.0
            ],
            "object_0_pos": [
                -0.0747686055628757,
                0.5939390395613406,
                0.019820586936092684
            ],
            "object_0_quat": [
                5.5637055139315723e-14,
                -3.554271811277412e-14,
                -6.23657434438416e-28,
                1.0
            ],
            "object_1_pos": [
                0.2,
                0.6,
                0.132
            ],
            "object_1_quat": [
                0.0,
                0.0,
                0.0,
                0.0
            ],
            "goal_0_pos": [
                0.40036102896228565,
                0.5811192214283002,
                0.132
            ]
        }
    },
    "reward": 0.027618932910833584,
    "done": false,
    "info": {
        "success": 0.0,
        "near_object": 0.0,
        "grasp_success": 0.0,
        "grasp_reward": 0.027618932910833584,
        "in_place_reward": 0.10748687695799174,
        "obj_to_target": 0.20124866639632527,
        "unscaled_reward": 0.027618932910833584,
        "terminated": false,
        "truncated": false,
        "obs_meta": {
            "cam_map": {
                "corner3": 0
            },
            "object_map": {
                "object_0": "stick",
                "object_1": "puck"
            }
        }
    }
}