{
    "obs": {
        "states": {
            "robot_0_eef_pos": [
                -0.49850612856333415,
                0.6039177641073544,
                0.19573533703555396
            ],
            "robot_0_gripper_open": [
                1.0
            ],
            "object_0_pos": [
                -0.2725103188930776,
                0.4264607669564144,
                0.15003594871036352
            ],
            "object_0_quat": [
                0.3907918178651598,
                -0.5891652858523879,
                0.3904949177393243,
                0.589643740114212
            ],
            "object_1_pos": [
                0.0,
                0.0,
                0.0
            ],
            "object_1_quat": [
                0.0,
                0.0,
                0.0,
                0.0
            ],
            "goal_0_pos": [
                0.20834224354420186,
                0.7052192469922407,
                0.15
            ]
        }
    },
    "reward": 0.005563954541882238,
    "done": false,
    "info": {
        "obj_to_target": 0.5558106496700937,
        "in_place_reward": 0.000587073116518688,
        "success": 0.0,
        "near_object": 0.0,
        "grasp_success": 1.0,
        "grasp_reward": 1.0,
        "unscaled_reward": 0.005563954541882238,
        "terminated": false,
        "truncated": false,
        "obs_meta": {
            "cam_map": {
                "corner3": 0
            },
            "object_map": {
                "object_0": "door",
                "object_1": "handle"
            }
        }
    }
}