{
    "obs": {
        "states": {
            "robot_0_eef_pos": [
                0.004601670256238032,
                0.6010369892922848,
                0.19493420486131535
            ],
            "robot_0_gripper_open": [
                1.0
            ],
            "object_0_pos": [
                -5.288292877760185e-15,
                0.7499999999999296,
                0.019968677000980435
            ],
            "object_0_quat": [
                0.9999999999998543,
                4.770130339089135e-07,
                2.528570245660618e-07,
                1.4674279399586255e-15
            ],
            "object_1_pos": [
                0.0,
                0.0,
                0.0
            ],
            "object_1_quat": [
                0.0,
                0.0,
                0.0,
                0.0
            ],
            "goal_0_pos": [
                0.03610289622856516,
                0.5622384428566005,
                0.25657926040835183
            ]
        }
    },
    "reward": 0.015679582018533308,
    "done": false,
    "info": {
        "success": 0.0,
        "near_object": 0.0,
        "grasp_success": 0.0,
        "grasp_reward": 0.017882544867358772,
        "in_place_reward": 0.11290813364903543,
        "obj_to_target": 0.3042078066673425,
        "unscaled_reward": 0.015679582018533308,
        "terminated": false,
        "truncated": false,
        "obs_meta": {
            "cam_map": {
                "corner3": 0
            },
            "object_map": {
                "object_0": "peg",
                "object_1": "hole"
            }
        }
    }
}