{
    "obs": {
        "states": {
            "robot_0_eef_pos": [
                0.004601670199426394,
                0.6010370132953337,
                0.19493420788016064
            ],
            "robot_0_gripper_open": [
                1.0
            ],
            "object_0_pos": [
                -0.07907442225150518,
                0.5348475989033497,
                0.019968024365056687
            ],
            "object_0_quat": [
                1.016439536690214e-28,
                0.0,
                0.0,
                1.0
            ],
            "object_1_pos": [
                0.0,
                0.0,
                0.0
            ],
            "object_1_quat": [
                0.0,
                0.0,
                0.0,
                0.0
            ],
            "goal_0_pos": [
                0.03610289622856516,
                0.8622384428566006,
                0.3004210568054447
            ]
        }
    },
    "reward": 0.0,
    "done": false,
    "info": {
        "success": 0.0,
        "near_object": 0.0,
        "grasp_success": 0.0,
        "grasp_reward": 0.0,
        "in_place_reward": 0.12351741821563833,
        "obj_to_target": 0.4462112535578756,
        "unscaled_reward": 0.0,
        "terminated": false,
        "truncated": false,
        "obs_meta": {
            "cam_map": {
                "corner3": 0
            },
            "object_map": {
                "object_0": "block",
                "object_1": "shelf"
            }
        }
    }
}